NAME,ACIDIC,BASIC,STATE_10,STATE_50,STATE_90
86284,,4.87,neutral,neutral,neutral
127808,4.02,9.69,zwiterionic,zwiterionic,zwiterionic
13758,12.68,2.3,neutral,neutral,neutral
160578,8.69,9.29,basic,basic,basic
27278,14.42,8.91,basic,basic,basic
421089,10.41,,neutral,neutral,neutral
26820,,0.49,neutral,neutral,neutral
447948,11.91,-3.69,neutral,neutral,neutral
8417,13.43,0.08,neutral,neutral,neutral
6005,10.26,9.12,basic,basic,basic
950646,15.28,3.44,neutral,neutral,neutral
140006,13.82,9.04,basic,basic,basic
1267640,,7.1,basic,neutral,neutral
1265513,,6.71,basic,neutral,neutral
26280,14.85,-1.16,neutral,neutral,neutral
34094,10.12,9.4,basic,basic,basic
363589,,8.78,basic,basic,basic
1265509,,6.88,basic,neutral,neutral
6772,14.78,7.2,basic,neutral,neutral
16485,,-1.16,neutral,neutral,neutral
150086,19.46,8.24,basic,basic,neutral
16450,9.46,-4.36,neutral,neutral,neutral
89526,11.43,7.35,basic,neutral,neutral
1360388,3.45,11.96,zwiterionic,zwiterionic,zwiterionic
1354,14.09,9.67,basic,basic,basic
675286,11.53,-4.32,neutral,neutral,neutral
805873,13.52,1.1,neutral,neutral,neutral
7736,14.49,9.04,basic,basic,basic
1788,5.69,9.42,zwiterionic,zwiterionic,zwiterionic
308174,8.61,9.81,basic,basic,basic
174528,9.54,8.64,basic,basic,basic
700811,8.49,-3.4,neutral,neutral,neutral
1279705,12.59,8.6,basic,basic,basic
7767,15.06,-1.16,neutral,neutral,neutral
293487,19.46,8.27,basic,basic,neutral
11143,16.19,10.42,basic,basic,basic
1279704,12.47,8.6,basic,basic,basic
241,5.76,8.68,zwiterionic,zwiterionic,zwiterionic
57175,5.5,8.59,zwiterionic,zwiterionic,zwiterionic
16498,14.98,-4.24,neutral,neutral,neutral
120674,13.95,8.75,basic,basic,basic
65539,,8.64,basic,basic,basic
207725,12.86,8.18,basic,basic,neutral
15958,,9.52,basic,basic,basic
1211999,8.56,-5.54,neutral,neutral,neutral
1383552,14.85,9.65,basic,basic,basic
27588,13.68,9.62,basic,basic,basic
716698,8.42,12.07,basic,basic,basic
288721,14.08,9.76,basic,basic,basic
421208,8.09,-2.92,neutral,neutral,neutral
746777,,1.55,neutral,neutral,neutral
1152806,,10.01,basic,basic,basic
1147985,13.02,-1.27,neutral,neutral,neutral
378628,12.72,5.14,neutral,neutral,neutral
1365083,19.8,8.81,basic,basic,basic
38833,19.77,7.16,basic,neutral,neutral
306786,12.74,8.85,basic,basic,basic
884499,13.71,6.93,basic,neutral,neutral
381693,7.82,-0.78,acidic,neutral,neutral
1022199,10.85,-1.09,neutral,neutral,neutral
950494,11.18,-1.69,neutral,neutral,neutral
1152838,,9.77,basic,basic,basic
4345,14.98,3.28,neutral,neutral,neutral
1279709,12.51,8.6,basic,basic,basic
16656,2.79,4.19,acidic,acidic,acidic
218758,3.11,-6.32,acidic,acidic,acidic
63741,13.47,8.47,basic,basic,basic
1062673,12.95,5.18,neutral,neutral,neutral
77128,18.61,8.22,basic,basic,neutral
356188,3.15,11.4,zwiterionic,zwiterionic,zwiterionic
1428488,11.06,7.83,basic,basic,neutral
27308,12.7,2.01,neutral,neutral,neutral
49931,3.26,1.8,acidic,acidic,acidic
32408,,8.02,basic,basic,neutral
75302,3.18,12.52,zwiterionic,zwiterionic,zwiterionic
1527667,15.5,7.94,basic,basic,neutral
1241099,10.35,-4.3,neutral,neutral,neutral
365757,13.93,6.46,basic,neutral,neutral
912971,3.53,-5.09,acidic,acidic,acidic
70039,,8.89,basic,basic,basic
1337281,14.56,1.75,neutral,neutral,neutral
1279828,12.29,8.6,basic,basic,basic
1279701,12.75,8.71,basic,basic,basic
1279823,12.81,8.8,basic,basic,basic
777919,15.59,8.22,basic,basic,neutral
733864,,0.15,neutral,neutral,neutral
365766,13.92,3.89,neutral,neutral,neutral
688131,,6.71,basic,neutral,neutral
66246,,9.8,basic,basic,basic
1365095,19.82,9.22,basic,basic,basic
1428487,,7.96,basic,basic,neutral
374548,,1.89,neutral,neutral,neutral
575825,12.45,4.13,neutral,neutral,neutral
1265507,,6.75,basic,neutral,neutral
1165512,6.97,10.14,zwiterionic,zwiterionic,basic
1062630,11.21,4.11,neutral,neutral,neutral
91844,13.22,-4.74,neutral,neutral,neutral
1521057,10.83,8.89,basic,basic,basic
9333,,8.95,basic,basic,basic
1264000,,8.42,basic,basic,basic
1425333,1.68,10.58,zwiterionic,zwiterionic,zwiterionic
506443,3.22,4.16,acidic,acidic,acidic
1353123,9.36,0.66,neutral,neutral,neutral
365765,14.83,3.65,neutral,neutral,neutral
1523585,,8.23,basic,basic,neutral
618938,11.63,7.84,basic,basic,neutral
1355145,3.59,4.22,acidic,acidic,acidic
1271888,3.99,8.5,zwiterionic,zwiterionic,zwiterionic
473932,14.24,7.5,basic,basic,neutral
249464,14.08,-0.73,neutral,neutral,neutral
1416156,,7.82,basic,basic,neutral
1264005,11.06,8.24,basic,basic,neutral
635,,2.87,neutral,neutral,neutral
38727,14.98,5.87,neutral,neutral,neutral
1279702,12.78,8.82,basic,basic,basic
474586,14.41,8.87,basic,basic,basic
234877,11.58,-1.26,neutral,neutral,neutral
474583,14.25,8.84,basic,basic,basic
340792,11.41,11.82,basic,basic,basic
27340,8.69,-2.79,neutral,neutral,neutral
75773,,8.68,basic,basic,basic
715952,,7.79,basic,basic,neutral
192029,4.63,5.66,acidic,acidic,acidic
5985,11.71,9.47,basic,basic,basic
1285173,,-7.17,neutral,neutral,neutral
339091,9.96,-0.98,neutral,neutral,neutral
1173912,13.02,-1.27,neutral,neutral,neutral
603199,9.22,9.84,basic,basic,basic
1279827,12.11,8.6,basic,basic,basic
1263998,,8.45,basic,basic,basic
14367,,9.78,basic,basic,basic
10389,17.11,10.2,basic,basic,basic
1280167,2.97,4.78,acidic,acidic,acidic
1142770,11.27,4.97,neutral,neutral,neutral
619385,13.95,-0.73,neutral,neutral,neutral
114890,9.44,-5.22,neutral,neutral,neutral
2366,7.48,,acidic,neutral,neutral
474007,14.23,7.49,basic,basic,neutral
1421986,15.24,3.4,neutral,neutral,neutral
1785,8.05,9.8,basic,basic,basic
1279710,12.62,8.6,basic,basic,basic
1355685,9.37,2.7,neutral,neutral,neutral
469865,9.96,-1.07,neutral,neutral,neutral
81683,4.04,9.01,zwiterionic,zwiterionic,zwiterionic
1012,13.08,-0.69,neutral,neutral,neutral
17170,13.01,6.76,basic,neutral,neutral
275514,9.45,-4.14,neutral,neutral,neutral
1279707,12.78,8.7,basic,basic,basic
365729,,3.29,neutral,neutral,neutral
1052924,17.37,10.21,basic,basic,basic
1355146,12.3,3.96,neutral,neutral,neutral
1279703,12.86,8.92,basic,basic,basic
855620,13.37,-0.7,neutral,neutral,neutral
3027,,9.43,basic,basic,basic
597375,12.52,7.73,basic,basic,neutral
1355686,9.36,0.66,neutral,neutral,neutral
345302,14.83,4.51,neutral,neutral,neutral
491534,12.9,9.1,basic,basic,basic
1274258,9.68,4.55,neutral,neutral,neutral
619231,11.57,10.23,basic,basic,basic
469658,9.96,6.86,basic,neutral,neutral
1413697,14.28,-0.61,neutral,neutral,neutral
1271053,12.48,3.09,neutral,neutral,neutral
1528092,15.41,5.53,neutral,neutral,neutral
5638,10.15,8.99,basic,basic,basic
1216,17.33,7.16,basic,neutral,neutral
1360267,,3.57,neutral,neutral,neutral
1369043,15.01,6.28,basic,neutral,neutral
1428622,9.65,8.53,basic,basic,basic
1430468,12.47,8.63,basic,basic,basic
565032,12.07,4.96,neutral,neutral,neutral
448231,10.24,9.27,basic,basic,basic
494066,9.88,6.81,basic,neutral,neutral
1279708,12.89,8.89,basic,basic,basic
1332169,11.83,3.23,neutral,neutral,neutral
1353122,9.36,0.66,neutral,neutral,neutral
305178,14.72,9.37,basic,basic,basic
1279700,12.81,8.8,basic,basic,basic
1430525,3.28,8.84,zwiterionic,zwiterionic,zwiterionic
474384,14.12,8.38,basic,basic,basic
26237,7.83,-0.77,acidic,neutral,neutral
2981,,8.76,basic,basic,basic
431141,9.84,1.48,neutral,neutral,neutral
1177843,15.06,4.88,neutral,neutral,neutral
319861,14.55,8.44,basic,basic,basic
1512364,15.32,-0.88,neutral,neutral,neutral
1343289,14.94,7.6,basic,basic,neutral
1447317,11.51,8.1,basic,basic,neutral
345319,14.83,6.46,basic,neutral,neutral
1264003,,8.44,basic,basic,basic
345260,14.79,3.37,neutral,neutral,neutral
1425376,1.79,10.59,zwiterionic,zwiterionic,zwiterionic
1280057,2.75,-4.62,acidic,acidic,acidic
376460,,7.91,basic,basic,neutral
1263996,,8.48,basic,basic,basic
1421989,11.46,3.09,neutral,neutral,neutral
400916,13.09,8.39,basic,basic,basic
1528089,15.09,6.56,basic,neutral,neutral
705961,-2.37,3.95,acidic,acidic,acidic
1280166,2.97,4.8,acidic,acidic,acidic
1174135,11.06,8.17,basic,basic,neutral
1193187,13.37,9.69,basic,basic,basic
579302,10.48,3.15,neutral,neutral,neutral
474728,14.24,8.42,basic,basic,basic
1425371,3.2,9.72,zwiterionic,zwiterionic,zwiterionic
38536,5.94,8.68,zwiterionic,zwiterionic,zwiterionic
1332166,11.83,3.23,neutral,neutral,neutral
402028,9.87,7.6,basic,basic,neutral
1527669,15.12,6.11,basic,neutral,neutral
15086,15.96,-3.75,neutral,neutral,neutral
1152837,,9.77,basic,basic,basic
469728,9.96,6.7,basic,neutral,neutral
402621,14.44,1.07,neutral,neutral,neutral
27648,18.2,5.01,neutral,neutral,neutral
1334981,15.37,5.83,neutral,neutral,neutral
139211,,8.83,basic,basic,basic
303120,10.84,8.67,basic,basic,basic
1067763,14.72,0.32,neutral,neutral,neutral
365281,12.42,-3.33,neutral,neutral,neutral
1275690,8.61,9.8,basic,basic,basic
288193,9.88,5.75,neutral,neutral,neutral
1430660,12.45,8.63,basic,basic,basic
2045,9.09,-2.68,neutral,neutral,neutral
1280058,2.51,-4.2,acidic,acidic,acidic
1428490,11.06,7.76,basic,basic,neutral
1062666,12.87,5.74,neutral,neutral,neutral
826034,14.69,-2.89,neutral,neutral,neutral
561750,13.92,8.39,basic,basic,basic
1279830,12.75,8.66,basic,basic,basic
894255,14.71,-0.87,neutral,neutral,neutral
37716,11.82,1.93,neutral,neutral,neutral
1264001,,8.42,basic,basic,basic
1428492,11.06,7.83,basic,basic,neutral
1062676,12.28,5.16,neutral,neutral,neutral
96021,,8.67,basic,basic,basic
1044835,,8.86,basic,basic,basic
872727,18.82,-2.72,neutral,neutral,neutral
1279824,12.83,8.88,basic,basic,basic
1279831,12.78,8.72,basic,basic,basic
1280060,2.47,-4.1,acidic,acidic,acidic
1424926,15.29,1.07,neutral,neutral,neutral
714672,14.19,9.46,basic,basic,basic
1279840,12.7,8.67,basic,basic,basic
1279829,12.68,8.66,basic,basic,basic
25033,14.71,6.84,basic,neutral,neutral
1279822,12.84,9.04,basic,basic,basic
1270012,11.53,-0.41,neutral,neutral,neutral
1263995,11.06,8.39,basic,basic,basic
1279833,12.71,8.7,basic,basic,basic
452367,12.76,8.81,basic,basic,basic
474391,14.09,7.86,basic,basic,neutral
1037716,12.16,1.76,neutral,neutral,neutral
1263992,,8.45,basic,basic,basic
1424583,12.18,8.6,basic,basic,basic
474281,14.25,7.5,basic,basic,neutral
1062677,10.75,3.43,neutral,neutral,neutral
183388,11.25,8.34,basic,basic,basic
1165540,12.48,3.22,neutral,neutral,neutral
1062667,11.12,2.94,neutral,neutral,neutral
365739,13.93,4.51,neutral,neutral,neutral
1174134,11.06,8.23,basic,basic,neutral
352327,13.62,2.3,neutral,neutral,neutral
1428501,11.06,6.81,basic,neutral,neutral
365756,13.92,3.37,neutral,neutral,neutral
474454,14.11,7.15,basic,neutral,neutral
54722,,8.86,basic,basic,basic
559874,6.48,-1.27,acidic,acidic,neutral
1278,12.86,8.18,basic,basic,neutral
694811,14.93,4.36,neutral,neutral,neutral
232251,17.89,-4.88,neutral,neutral,neutral
1430464,12.47,3.92,neutral,neutral,neutral
1051118,,9.76,basic,basic,basic
651088,13.16,9.32,basic,basic,basic
949710,5.91,1.98,acidic,acidic,acidic
12850,11.89,8.34,basic,basic,basic
705556,2.94,1.51,acidic,acidic,acidic
622622,13.64,9.05,basic,basic,basic
1527665,13.88,7.63,basic,basic,neutral
1354967,3.58,4.21,acidic,acidic,acidic
1174138,11.06,8.26,basic,basic,neutral
319858,11.34,8.86,basic,basic,basic
1332974,9.82,8.93,basic,basic,basic
1062675,11.76,4.2,neutral,neutral,neutral
1165538,12.45,3.22,neutral,neutral,neutral
1284942,,-7.19,neutral,neutral,neutral
3599,,7.62,basic,basic,neutral
587973,17.51,3.69,neutral,neutral,neutral
1062631,11.16,4.11,neutral,neutral,neutral
1062672,11.24,4.19,neutral,neutral,neutral
1448251,,5.44,neutral,neutral,neutral
275478,9.45,-5.22,neutral,neutral,neutral
579315,12.27,3.09,neutral,neutral,neutral
1283380,,1.29,neutral,neutral,neutral
1421992,11.17,2.9,neutral,neutral,neutral
1332996,9.83,8.73,basic,basic,basic
1425332,1.68,10.58,zwiterionic,zwiterionic,zwiterionic
588714,,7.4,basic,basic,neutral
1284842,13.72,8.7,basic,basic,basic
1332977,9.87,6.5,basic,neutral,neutral
1421985,15.01,3.3,neutral,neutral,neutral
1447314,11.47,8.02,basic,basic,neutral
66012,,9.76,basic,basic,basic
1428172,11.06,7.82,basic,basic,neutral
1271887,3.97,2.98,acidic,acidic,acidic
1428171,14.23,7.97,basic,basic,neutral
1271890,3.92,2.64,acidic,acidic,acidic
341370,12.05,4.2,neutral,neutral,neutral
668335,,8.27,basic,basic,neutral
619,8.85,0.1,neutral,neutral,neutral
1428499,11.06,6.85,basic,neutral,neutral
23093,19.93,7.24,basic,neutral,neutral
1521466,9.79,9.63,basic,basic,basic
167453,6.06,2.13,acidic,acidic,acidic
751863,14.74,0.9,neutral,neutral,neutral
27575,12.59,-2.85,neutral,neutral,neutral
1383009,,9.46,basic,basic,basic
1429397,12.45,8.63,basic,basic,basic
474584,14.25,8.57,basic,basic,basic
1423599,,4.6,neutral,neutral,neutral
1162579,11.53,0.11,neutral,neutral,neutral
1161593,12.28,6.93,basic,neutral,neutral
1279712,12.81,8.85,basic,basic,basic
1447316,11.59,8.1,basic,basic,neutral
55769,16.49,5.65,neutral,neutral,neutral
1428174,14.23,7.93,basic,basic,neutral
1430524,3.29,8.84,zwiterionic,zwiterionic,zwiterionic
1348407,19.7,5.9,neutral,neutral,neutral
675146,3.38,-1.67,acidic,acidic,acidic
1280170,2.94,5.0,acidic,acidic,acidic
352631,7.13,-0.42,acidic,acidic,neutral
1331874,19.7,8.24,basic,basic,neutral
294107,3.7,2.85,acidic,acidic,acidic
111185,3.59,7.42,zwiterionic,zwiterionic,acidic
317507,9.26,-1.81,neutral,neutral,neutral
370782,14.8,5.64,neutral,neutral,neutral
1438709,,5.25,neutral,neutral,neutral
1348445,13.54,-4.69,neutral,neutral,neutral
355839,,2.54,neutral,neutral,neutral
1280062,2.97,-4.28,acidic,acidic,acidic
1430523,4.28,8.84,zwiterionic,zwiterionic,zwiterionic
1430478,12.44,3.92,neutral,neutral,neutral
579280,10.55,3.03,neutral,neutral,neutral
1090058,,-4.07,neutral,neutral,neutral
823458,14.76,0.69,neutral,neutral,neutral
1428178,14.23,7.93,basic,basic,neutral
1428494,11.06,7.76,basic,basic,neutral
714701,14.84,9.45,basic,basic,basic
1280148,12.56,-4.26,neutral,neutral,neutral
280853,8.58,-5.61,neutral,neutral,neutral
480530,,9.72,basic,basic,basic
1430537,4.29,8.82,zwiterionic,zwiterionic,zwiterionic
1425362,4.62,9.57,zwiterionic,zwiterionic,zwiterionic
1170498,14.88,9.75,basic,basic,basic
352389,7.13,-0.42,acidic,acidic,neutral
412858,14.63,-3.72,neutral,neutral,neutral
1527666,14.06,7.9,basic,basic,neutral
1276405,6.97,9.73,zwiterionic,zwiterionic,basic
10099,14.09,9.67,basic,basic,basic
1263991,,8.44,basic,basic,basic
962921,14.77,0.69,neutral,neutral,neutral
1351933,11.96,8.6,basic,basic,basic
512202,10.66,4.35,neutral,neutral,neutral
1263989,,8.55,basic,basic,basic
12835,11.46,8.51,basic,basic,basic
613812,9.29,2.36,neutral,neutral,neutral
579348,10.48,3.15,neutral,neutral,neutral
4872,14.28,-1.93,neutral,neutral,neutral
289994,9.19,1.26,neutral,neutral,neutral
1174140,11.06,8.25,basic,basic,neutral
716126,,9.15,basic,basic,basic
715687,,9.15,basic,basic,basic
24969,12.5,-0.59,neutral,neutral,neutral
1379636,9.98,,neutral,neutral,neutral
1423203,,10.06,basic,basic,basic
1423204,,10.06,basic,basic,basic
215716,4.03,-1.75,acidic,acidic,acidic
1264004,,8.44,basic,basic,basic
1428493,,7.91,basic,basic,neutral
1425361,1.61,9.97,zwiterionic,zwiterionic,zwiterionic
426902,19.21,9.09,basic,basic,basic
805019,,3.66,neutral,neutral,neutral
474666,13.54,6.85,basic,neutral,neutral
474009,14.24,7.49,basic,basic,neutral
1284607,14.57,1.75,neutral,neutral,neutral
1428491,,7.96,basic,basic,neutral
579262,12.21,3.21,neutral,neutral,neutral
157056,16.44,4.54,neutral,neutral,neutral
418485,12.9,7.5,basic,basic,neutral
74636,12.19,6.42,basic,neutral,neutral
782286,11.57,-2.98,neutral,neutral,neutral
352658,7.13,-0.42,acidic,acidic,neutral
1428624,9.61,1.78,neutral,neutral,neutral
1165516,6.97,10.08,zwiterionic,zwiterionic,basic
1077527,3.35,6.2,zwiterionic,acidic,acidic
1430474,12.47,3.92,neutral,neutral,neutral
7714,,8.76,basic,basic,basic
248501,13.94,-3.71,neutral,neutral,neutral
474008,14.24,7.5,basic,basic,neutral
693556,15.79,5.0,neutral,neutral,neutral
1280168,2.95,4.92,acidic,acidic,acidic
617076,8.75,3.91,neutral,neutral,neutral
250908,19.99,5.01,neutral,neutral,neutral
400880,14.36,9.21,basic,basic,basic
6243,,10.02,basic,basic,basic
1355147,12.32,3.96,neutral,neutral,neutral
1442756,16.13,-5.05,neutral,neutral,neutral
3859,13.96,8.05,basic,basic,neutral
1174133,11.06,8.17,basic,basic,neutral
255477,13.89,9.05,basic,basic,basic
27419,17.98,4.26,neutral,neutral,neutral
579370,10.55,3.04,neutral,neutral,neutral
300825,9.67,5.27,neutral,neutral,neutral
1428175,14.23,7.93,basic,basic,neutral
73845,,8.89,basic,basic,basic
474669,14.24,7.95,basic,basic,neutral
454176,14.09,9.67,basic,basic,basic
1530482,11.53,8.89,basic,basic,basic
1423601,,4.62,neutral,neutral,neutral
598560,3.31,-6.83,acidic,acidic,acidic
777358,10.81,5.02,neutral,neutral,neutral
61945,13.6,3.99,neutral,neutral,neutral
1446427,11.5,4.42,neutral,neutral,neutral
1265512,,6.82,basic,neutral,neutral
1428615,9.61,1.75,neutral,neutral,neutral
378538,11.31,5.27,neutral,neutral,neutral
1528093,10.61,6.32,basic,neutral,neutral
1428176,11.06,7.77,basic,basic,neutral
1276416,6.96,9.58,zwiterionic,zwiterionic,basic
793606,9.58,-2.58,neutral,neutral,neutral
134577,10.58,9.78,basic,basic,basic
1174127,9.63,8.25,basic,basic,neutral
185000,9.88,5.75,neutral,neutral,neutral
1332981,9.56,10.43,basic,basic,basic
802086,8.85,2.2,neutral,neutral,neutral
1447310,10.5,8.16,basic,basic,neutral
315303,14.28,0.71,neutral,neutral,neutral
319860,14.59,-2.5,neutral,neutral,neutral
2262,,10.47,basic,basic,basic
1116198,13.94,0.28,neutral,neutral,neutral
1421991,11.16,2.9,neutral,neutral,neutral
187372,8.64,-0.7,neutral,neutral,neutral
619194,11.48,10.13,basic,basic,basic
921,8.49,-9.05,neutral,neutral,neutral
618609,,8.96,basic,basic,basic
1439735,14.17,0.87,neutral,neutral,neutral
395318,13.91,2.57,neutral,neutral,neutral
1265639,11.01,6.71,basic,neutral,neutral
1280063,2.82,-4.61,acidic,acidic,acidic
27713,,10.54,basic,basic,basic
1280165,9.75,4.77,neutral,neutral,neutral
631384,13.58,-1.03,neutral,neutral,neutral
1516310,13.46,0.28,neutral,neutral,neutral
1264924,3.75,-3.65,acidic,acidic,acidic
1446924,9.76,8.1,basic,basic,neutral
1355960,13.95,0.47,neutral,neutral,neutral
1062669,11.24,5.02,neutral,neutral,neutral
248537,3.62,-3.71,acidic,acidic,acidic
605,,9.2,basic,basic,basic
1062663,11.0,4.88,neutral,neutral,neutral
1074139,8.45,9.88,basic,basic,basic
1174137,11.06,8.19,basic,basic,neutral
1336692,17.47,8.89,basic,basic,basic
1283386,,1.51,neutral,neutral,neutral
619400,13.86,2.6,neutral,neutral,neutral
1060176,16.36,5.1,neutral,neutral,neutral
77012,12.97,2.59,neutral,neutral,neutral
1420724,14.05,1.4,neutral,neutral,neutral
1512284,,1.64,neutral,neutral,neutral
1421806,19.39,5.09,neutral,neutral,neutral
437368,8.92,7.74,basic,basic,neutral
1354965,3.58,4.21,acidic,acidic,acidic
1271889,3.96,3.05,acidic,acidic,acidic
613881,8.52,5.01,neutral,neutral,neutral
321990,,4.95,neutral,neutral,neutral
395373,14.83,2.6,neutral,neutral,neutral
1265536,11.15,6.71,basic,neutral,neutral
1425381,1.65,10.35,zwiterionic,zwiterionic,zwiterionic
1511229,11.53,9.69,basic,basic,basic
1263997,,8.48,basic,basic,basic
89496,15.82,4.49,neutral,neutral,neutral
2355,,10.33,basic,basic,basic
1425379,1.67,10.03,zwiterionic,zwiterionic,zwiterionic
1174126,11.06,8.28,basic,basic,neutral
1174141,11.06,8.27,basic,basic,neutral
892148,10.42,6.46,basic,neutral,neutral
1332949,10.36,8.76,basic,basic,basic
1447309,10.5,8.11,basic,basic,neutral
512275,10.99,4.88,neutral,neutral,neutral
1355962,13.95,6.62,basic,neutral,neutral
619167,11.48,10.13,basic,basic,basic
4672,6.26,8.47,zwiterionic,zwiterionic,zwiterionic
776256,19.83,5.3,neutral,neutral,neutral
155045,,8.83,basic,basic,basic
28068,,8.15,basic,basic,neutral
1274406,,-0.23,neutral,neutral,neutral
558197,12.55,9.14,basic,basic,basic
31939,11.17,4.76,neutral,neutral,neutral
1048872,14.94,9.71,basic,basic,basic
1439739,4.08,0.87,acidic,acidic,acidic
1427992,15.09,-1.46,neutral,neutral,neutral
1528095,14.12,8.13,basic,basic,neutral
1440088,3.25,8.73,zwiterionic,zwiterionic,zwiterionic
385709,11.74,0.11,neutral,neutral,neutral
34197,13.17,7.24,basic,neutral,neutral
1219,,9.68,basic,basic,basic
1073116,14.01,7.35,basic,neutral,neutral
180316,7.35,9.32,zwiterionic,zwiterionic,basic
619165,11.48,10.13,basic,basic,basic
1430528,4.28,8.84,zwiterionic,zwiterionic,zwiterionic
349224,11.82,1.79,neutral,neutral,neutral
1062671,11.65,4.92,neutral,neutral,neutral
9372,16.78,8.54,basic,basic,basic
12846,11.27,9.04,basic,basic,basic
870960,10.64,3.39,neutral,neutral,neutral
1525545,13.48,8.84,basic,basic,basic
617563,14.02,2.62,neutral,neutral,neutral
588090,13.12,2.58,neutral,neutral,neutral
613813,9.71,5.25,neutral,neutral,neutral
474452,14.26,8.84,basic,basic,basic
473931,14.24,7.5,basic,basic,neutral
997193,19.58,9.91,basic,basic,basic
809734,3.62,1.73,acidic,acidic,acidic
1271885,3.92,2.65,acidic,acidic,acidic
603554,,8.62,basic,basic,basic
1355964,13.95,9.4,basic,basic,basic
6643,,9.77,basic,basic,basic
438792,10.13,9.42,basic,basic,basic
16391,,9.2,basic,basic,basic
854996,12.93,-2.99,neutral,neutral,neutral
315342,10.02,2.25,neutral,neutral,neutral
874357,10.4,-0.16,neutral,neutral,neutral
270246,15.5,6.65,basic,neutral,neutral
1283383,,1.22,neutral,neutral,neutral
512042,7.71,0.82,acidic,neutral,neutral
180249,7.29,9.35,zwiterionic,zwiterionic,basic
1332964,10.27,3.66,neutral,neutral,neutral
444750,4.02,-1.26,acidic,acidic,acidic
508755,3.38,-1.67,acidic,acidic,acidic
1423201,,9.88,basic,basic,basic
1376110,15.92,4.33,neutral,neutral,neutral
1139822,13.66,4.54,neutral,neutral,neutral
400854,13.5,10.06,basic,basic,basic
1447318,11.51,8.11,basic,basic,neutral
3683,11.42,7.29,basic,neutral,neutral
371631,3.03,0.26,acidic,acidic,acidic
474590,14.25,6.85,basic,neutral,neutral
1528098,14.1,8.15,basic,basic,neutral
1427797,11.24,-1.5,neutral,neutral,neutral
1263993,,8.42,basic,basic,basic
1073119,14.01,7.35,basic,neutral,neutral
1355642,15.22,5.55,neutral,neutral,neutral
733779,8.37,-1.99,neutral,neutral,neutral
1447245,2.97,-4.28,acidic,acidic,acidic
1174132,11.06,8.24,basic,basic,neutral
1279841,12.78,8.74,basic,basic,basic
950552,,-0.97,neutral,neutral,neutral
424807,14.19,0.27,neutral,neutral,neutral
1427822,11.26,4.55,neutral,neutral,neutral
1361658,15.05,-1.07,neutral,neutral,neutral
1427995,15.57,2.5,neutral,neutral,neutral
1527662,14.12,5.61,neutral,neutral,neutral
1425309,0.11,10.1,zwiterionic,zwiterionic,zwiterionic
236028,9.45,-5.22,neutral,neutral,neutral
515421,6.99,-2.79,acidic,acidic,neutral
563501,3.68,-1.22,acidic,acidic,acidic
345137,14.83,3.29,neutral,neutral,neutral
698123,,8.73,basic,basic,basic
1355148,12.33,3.89,neutral,neutral,neutral
474730,14.2,6.82,basic,neutral,neutral
1430510,11.58,8.9,basic,basic,basic
1331879,,8.24,basic,basic,neutral
400853,13.5,9.21,basic,basic,basic
400852,13.64,10.35,basic,basic,basic
1448082,12.83,6.6,basic,neutral,neutral
2484,5.8,2.17,acidic,acidic,acidic
1280171,2.96,5.02,acidic,acidic,acidic
1512281,,4.29,neutral,neutral,neutral
1427994,15.57,1.99,neutral,neutral,neutral
620820,,10.12,basic,basic,basic
1425359,1.61,9.97,zwiterionic,zwiterionic,zwiterionic
345131,14.82,-1.74,neutral,neutral,neutral
1062670,11.86,5.04,neutral,neutral,neutral
1446927,9.78,8.1,basic,basic,neutral
911137,14.39,-2.31,neutral,neutral,neutral
579326,12.27,3.09,neutral,neutral,neutral
1267657,,6.71,basic,neutral,neutral
1380104,18.9,3.5,neutral,neutral,neutral
1425312,1.86,10.65,zwiterionic,zwiterionic,zwiterionic
280854,9.26,2.08,neutral,neutral,neutral
1271884,3.91,2.59,acidic,acidic,acidic
1352305,7.9,9.87,zwiterionic,basic,basic
173504,8.63,-0.69,neutral,neutral,neutral
1430483,12.44,3.92,neutral,neutral,neutral
474729,14.24,6.82,basic,neutral,neutral
1062674,11.38,3.48,neutral,neutral,neutral
1421803,19.39,5.09,neutral,neutral,neutral
1139824,13.66,4.53,neutral,neutral,neutral
1440475,3.24,7.77,zwiterionic,zwiterionic,acidic
1421988,11.62,3.12,neutral,neutral,neutral
77459,15.12,7.45,basic,basic,neutral
1427790,11.25,1.02,neutral,neutral,neutral
1438524,13.29,9.91,basic,basic,basic
4778,7.73,9.07,zwiterionic,basic,basic
352129,12.2,8.45,basic,basic,basic
349658,13.42,2.13,neutral,neutral,neutral
512198,11.16,4.12,neutral,neutral,neutral
64396,13.06,9.24,basic,basic,basic
693012,12.53,8.6,basic,basic,basic
1420808,13.78,2.3,neutral,neutral,neutral
1423596,,4.67,neutral,neutral,neutral
1437955,14.24,7.65,basic,basic,neutral
602271,,10.12,basic,basic,basic
1352301,7.98,8.89,basic,basic,basic
1073122,13.93,7.35,basic,neutral,neutral
1430481,12.46,3.92,neutral,neutral,neutral
474585,14.25,6.98,basic,neutral,neutral
28119,,9.76,basic,basic,basic
1062678,11.13,4.17,neutral,neutral,neutral
1279832,12.77,8.72,basic,basic,basic
813254,16.9,9.21,basic,basic,basic
1439737,4.1,0.87,acidic,acidic,acidic
475247,8.19,-2.77,neutral,neutral,neutral
1354966,3.58,4.21,acidic,acidic,acidic
328133,3.39,,acidic,acidic,acidic
148004,19.36,8.19,basic,basic,neutral
61315,9.66,3.92,neutral,neutral,neutral
1063,,-2.93,neutral,neutral,neutral
688817,12.79,-2.59,neutral,neutral,neutral
14882,13.93,8.02,basic,basic,neutral
1446926,11.45,8.09,basic,basic,neutral
1263476,,4.22,neutral,neutral,neutral
1139157,14.61,7.99,basic,basic,neutral
619166,11.63,10.23,basic,basic,basic
1442757,14.87,6.06,basic,neutral,neutral
1316994,10.18,7.96,basic,basic,neutral
1355956,14.8,0.54,neutral,neutral,neutral
494315,8.46,9.8,basic,basic,basic
1060495,7.8,1.44,acidic,neutral,neutral
62259,13.96,9.41,basic,basic,basic
1271891,3.91,2.58,acidic,acidic,acidic
1271894,3.9,2.64,acidic,acidic,acidic
2080,17.22,7.77,basic,basic,neutral
613814,10.27,5.02,neutral,neutral,neutral
1521376,10.01,-3.05,neutral,neutral,neutral
473688,14.22,7.5,basic,basic,neutral
14221,14.32,5.18,neutral,neutral,neutral
16959,10.61,-2.24,neutral,neutral,neutral
1174139,11.06,8.26,basic,basic,neutral
563454,0.67,9.93,zwiterionic,zwiterionic,zwiterionic
357557,18.37,4.19,neutral,neutral,neutral
1342456,4.92,9.79,zwiterionic,zwiterionic,zwiterionic
1361775,11.08,7.19,basic,neutral,neutral
27112,14.09,9.63,basic,basic,basic
1073121,14.01,7.35,basic,neutral,neutral
474797,14.24,7.5,basic,basic,neutral
1265645,16.63,6.71,basic,neutral,neutral
1424974,15.29,0.5,neutral,neutral,neutral
1424123,14.93,4.36,neutral,neutral,neutral
1354040,13.7,-2.21,neutral,neutral,neutral
27385,,9.42,basic,basic,basic
1359131,,5.27,neutral,neutral,neutral
805117,15.03,5.62,neutral,neutral,neutral
345251,14.5,-1.83,neutral,neutral,neutral
612780,8.4,3.31,neutral,neutral,neutral
21697,13.12,-6.99,neutral,neutral,neutral
323243,15.99,6.65,basic,neutral,neutral
688110,6.97,9.1,zwiterionic,zwiterionic,basic
1147085,3.45,-4.91,acidic,acidic,acidic
1316235,7.55,-1.03,acidic,neutral,neutral
1355965,13.95,9.41,basic,basic,basic
1355946,,0.54,neutral,neutral,neutral
422489,18.2,10.03,basic,basic,basic
1034553,,5.18,neutral,neutral,neutral
617118,13.95,2.72,neutral,neutral,neutral
737840,13.72,-4.93,neutral,neutral,neutral
1279826,12.72,8.94,basic,basic,basic
714401,15.05,9.46,basic,basic,basic
1527706,9.62,9.62,basic,basic,basic
1011491,10.68,0.35,neutral,neutral,neutral
588078,,3.61,neutral,neutral,neutral
242716,10.12,9.4,basic,basic,basic
350255,,9.46,basic,basic,basic
619399,14.79,-0.72,neutral,neutral,neutral
1447312,14.25,8.11,basic,basic,neutral
204115,6.71,1.95,acidic,acidic,neutral
1447253,7.26,-1.61,acidic,acidic,neutral
265123,10.58,-2.52,neutral,neutral,neutral
1448077,14.16,8.05,basic,basic,neutral
1440844,,4.7,neutral,neutral,neutral
88797,12.69,7.84,basic,basic,neutral
82811,8.86,-4.86,neutral,neutral,neutral
1073120,14.03,7.35,basic,neutral,neutral
1519682,19.6,0.92,neutral,neutral,neutral
1442758,11.04,4.74,neutral,neutral,neutral
1355644,13.63,6.43,basic,neutral,neutral
575387,10.95,-4.52,neutral,neutral,neutral
1179977,,4.4,neutral,neutral,neutral
1521368,7.28,-3.7,acidic,acidic,neutral
321778,,4.95,neutral,neutral,neutral
259694,9.73,7.72,basic,basic,neutral
1440838,,4.05,neutral,neutral,neutral
355089,4.04,0.07,acidic,acidic,acidic
1161724,7.35,9.32,zwiterionic,zwiterionic,basic
939331,,8.63,basic,basic,basic
474601,11.12,3.25,neutral,neutral,neutral
1023983,12.93,-1.82,neutral,neutral,neutral
473687,14.24,7.5,basic,basic,neutral
1170490,14.91,8.74,basic,basic,basic
1360271,17.16,3.69,neutral,neutral,neutral
1423202,,9.88,basic,basic,basic
1528097,14.06,5.87,neutral,neutral,neutral
1276061,6.97,9.8,zwiterionic,zwiterionic,basic
1425325,1.65,10.35,zwiterionic,zwiterionic,zwiterionic
1165518,6.97,9.98,zwiterionic,zwiterionic,basic
579382,10.11,3.06,neutral,neutral,neutral
1355641,12.68,6.31,basic,neutral,neutral
887229,,-4.77,neutral,neutral,neutral
613880,8.52,5.03,neutral,neutral,neutral
127531,,9.22,basic,basic,basic
474389,14.11,7.86,basic,basic,neutral
1421987,11.62,3.12,neutral,neutral,neutral
619196,11.71,10.23,basic,basic,basic
178115,8.63,0.71,neutral,neutral,neutral
1279699,12.78,8.94,basic,basic,basic
1303208,,4.79,neutral,neutral,neutral
1147108,3.56,-4.9,acidic,acidic,acidic
321805,8.33,1.88,neutral,neutral,neutral
1062664,11.56,4.89,neutral,neutral,neutral
473686,14.24,7.5,basic,basic,neutral
1439751,4.8,-0.0,acidic,acidic,acidic
1428612,9.62,1.83,neutral,neutral,neutral
1521363,3.06,-3.7,acidic,acidic,acidic
1139832,13.66,4.59,neutral,neutral,neutral
1355963,13.95,8.93,basic,basic,basic
128645,7.33,8.49,zwiterionic,zwiterionic,basic
1355645,15.22,6.13,basic,neutral,neutral
1525564,13.41,9.6,basic,basic,basic
1161723,7.35,9.32,zwiterionic,zwiterionic,basic
469465,9.96,3.2,neutral,neutral,neutral
400848,13.23,9.45,basic,basic,basic
1355947,,0.52,neutral,neutral,neutral
1066153,12.03,3.57,neutral,neutral,neutral
1446867,12.29,-0.99,neutral,neutral,neutral
474208,14.07,6.53,basic,neutral,neutral
474515,14.41,8.87,basic,basic,basic
400847,13.23,9.45,basic,basic,basic
1515468,13.83,-1.61,neutral,neutral,neutral
1443956,11.88,8.06,basic,basic,neutral
1439182,4.8,-2.43,acidic,acidic,acidic
206241,8.08,-2.34,neutral,neutral,neutral
239500,11.39,8.09,basic,basic,neutral
1271886,3.92,2.65,acidic,acidic,acidic
1428177,11.06,7.77,basic,basic,neutral
1153572,13.89,3.91,neutral,neutral,neutral
1161726,7.35,9.32,zwiterionic,zwiterionic,basic
1145099,10.07,2.7,neutral,neutral,neutral
1293757,,4.13,neutral,neutral,neutral
1425311,0.95,10.37,zwiterionic,zwiterionic,zwiterionic
2261,15.9,7.35,basic,neutral,neutral
1352306,7.9,9.87,zwiterionic,basic,basic
1353086,15.23,4.21,neutral,neutral,neutral
365748,13.93,-3.27,neutral,neutral,neutral
1528094,12.95,6.41,basic,neutral,neutral
290172,8.15,0.92,neutral,neutral,neutral
122170,4.14,9.26,zwiterionic,zwiterionic,zwiterionic
1342447,4.93,9.79,zwiterionic,zwiterionic,zwiterionic
974075,10.72,-0.17,neutral,neutral,neutral
1355636,13.71,5.93,neutral,neutral,neutral
1355637,15.21,5.96,neutral,neutral,neutral
1421990,11.16,2.89,neutral,neutral,neutral
395342,13.95,2.59,neutral,neutral,neutral
1428099,11.61,6.2,basic,neutral,neutral
1366065,13.42,1.32,neutral,neutral,neutral
1430514,3.86,8.86,zwiterionic,zwiterionic,zwiterionic
1525547,13.48,9.16,basic,basic,basic
1355945,,0.51,neutral,neutral,neutral
500102,,4.01,neutral,neutral,neutral
1447301,11.5,8.11,basic,basic,neutral
1440848,,4.74,neutral,neutral,neutral
1446923,11.61,8.11,basic,basic,neutral
1515472,13.8,-1.67,neutral,neutral,neutral
1361653,15.05,-1.07,neutral,neutral,neutral
291960,16.21,10.11,basic,basic,basic
1147109,3.13,-4.92,acidic,acidic,acidic
1447246,2.97,-4.28,acidic,acidic,acidic
1525561,13.27,8.88,basic,basic,basic
1355944,,0.34,neutral,neutral,neutral
579244,10.49,2.89,neutral,neutral,neutral
1360263,,3.61,neutral,neutral,neutral
473929,14.23,7.49,basic,basic,neutral
1440835,,4.8,neutral,neutral,neutral
1525565,13.47,10.17,basic,basic,basic
1332962,10.15,3.19,neutral,neutral,neutral
1359764,19.73,3.4,neutral,neutral,neutral
385617,,4.81,neutral,neutral,neutral
474588,14.23,7.39,basic,neutral,neutral
1427792,11.24,-0.66,neutral,neutral,neutral
1427467,11.21,-0.66,neutral,neutral,neutral
83969,12.03,-1.22,neutral,neutral,neutral
575386,10.95,-4.52,neutral,neutral,neutral
400914,13.5,8.29,basic,basic,neutral
714494,14.98,9.46,basic,basic,basic
613878,10.27,7.36,basic,neutral,neutral
477715,17.5,6.76,basic,neutral,neutral
1438701,,5.27,neutral,neutral,neutral
406787,9.51,4.27,neutral,neutral,neutral
1446428,11.5,4.42,neutral,neutral,neutral
1271734,3.92,2.66,acidic,acidic,acidic
1521370,7.28,-3.71,acidic,acidic,neutral
556489,13.43,9.01,basic,basic,basic
437628,14.83,2.63,neutral,neutral,neutral
479712,18.41,1.59,neutral,neutral,neutral
1438695,,5.27,neutral,neutral,neutral
474390,14.1,7.86,basic,basic,neutral
474668,14.24,7.71,basic,basic,neutral
981655,,-0.2,neutral,neutral,neutral
410802,7.17,5.96,acidic,acidic,neutral
1276062,6.97,9.81,zwiterionic,zwiterionic,basic
910401,,6.15,basic,neutral,neutral
437216,14.83,0.74,neutral,neutral,neutral
1165549,12.56,3.22,neutral,neutral,neutral
788651,,4.1,neutral,neutral,neutral
474280,14.25,7.51,basic,basic,neutral
1073109,13.84,4.28,neutral,neutral,neutral
384953,14.3,8.04,basic,basic,neutral
468960,14.15,8.56,basic,basic,basic
1427465,11.24,-0.66,neutral,neutral,neutral
1337271,3.48,2.94,acidic,acidic,acidic
1447242,2.98,-4.39,acidic,acidic,acidic
1263743,4.6,2.15,acidic,acidic,acidic
1355149,7.25,3.97,acidic,acidic,neutral
714370,15.04,9.46,basic,basic,basic
1280055,12.56,-4.26,neutral,neutral,neutral
511846,11.57,4.9,neutral,neutral,neutral
474392,14.12,7.15,basic,neutral,neutral
1385347,9.31,6.48,basic,neutral,neutral
1440839,,4.05,neutral,neutral,neutral
2223,,9.8,basic,basic,basic
1147104,3.57,-4.91,acidic,acidic,acidic
1264916,3.3,-4.45,acidic,acidic,acidic
1033601,14.26,-2.29,neutral,neutral,neutral
1265516,,6.71,basic,neutral,neutral
1427993,15.57,-1.5,neutral,neutral,neutral
14785,16.14,4.62,neutral,neutral,neutral
1147102,3.23,-4.91,acidic,acidic,acidic
1263994,11.06,8.32,basic,basic,basic
1335183,,8.88,basic,basic,basic
784487,13.91,-1.52,neutral,neutral,neutral
1147114,3.62,-4.93,acidic,acidic,acidic
454141,3.7,5.2,acidic,acidic,acidic
474517,14.25,8.84,basic,basic,basic
1359542,11.58,7.68,basic,basic,neutral
1361651,15.05,-1.07,neutral,neutral,neutral
602508,,-0.15,neutral,neutral,neutral
1117811,12.56,4.2,neutral,neutral,neutral
1028455,3.53,5.36,acidic,acidic,acidic
1430530,4.21,8.84,zwiterionic,zwiterionic,zwiterionic
1355961,13.95,0.49,neutral,neutral,neutral
1161591,12.06,6.93,basic,neutral,neutral
1359552,13.86,4.26,neutral,neutral,neutral
1443957,11.86,8.04,basic,basic,neutral
1445134,13.45,0.21,neutral,neutral,neutral
1334397,11.66,2.94,neutral,neutral,neutral
97,,7.24,basic,neutral,neutral
1521364,3.06,-3.71,acidic,acidic,acidic
8516,3.33,,acidic,acidic,acidic
958665,,2.84,neutral,neutral,neutral
913432,14.86,-2.1,neutral,neutral,neutral
256643,6.95,1.36,acidic,acidic,neutral
1424977,15.29,0.05,neutral,neutral,neutral
1337296,10.23,9.58,basic,basic,basic
851438,9.59,-2.47,neutral,neutral,neutral
578721,12.62,6.53,basic,neutral,neutral
475963,15.15,4.16,neutral,neutral,neutral
1281325,,9.29,basic,basic,basic
419596,19.44,-6.63,neutral,neutral,neutral
1440474,3.24,7.78,zwiterionic,zwiterionic,acidic
1440075,3.23,8.31,zwiterionic,zwiterionic,zwiterionic
1077521,3.37,5.02,acidic,acidic,acidic
905750,13.22,2.7,neutral,neutral,neutral
1073114,14.01,7.35,basic,neutral,neutral
1332972,10.47,7.71,basic,basic,neutral
1060174,16.36,4.42,neutral,neutral,neutral
1525562,13.29,7.79,basic,basic,neutral
16506,10.61,-1.47,neutral,neutral,neutral
467057,13.62,8.04,basic,basic,neutral
1423603,,4.67,neutral,neutral,neutral
365916,,2.13,neutral,neutral,neutral
1264923,3.5,-3.73,acidic,acidic,acidic
896073,9.65,2.55,neutral,neutral,neutral
1425323,1.65,10.35,zwiterionic,zwiterionic,zwiterionic
996,,9.2,basic,basic,basic
1359550,13.85,4.26,neutral,neutral,neutral
1511969,,1.04,neutral,neutral,neutral
1445123,13.51,0.88,neutral,neutral,neutral
370906,11.23,0.4,neutral,neutral,neutral
1359562,13.85,2.29,neutral,neutral,neutral
1283375,,0.97,neutral,neutral,neutral
559435,10.86,-2.17,neutral,neutral,neutral
1341776,15.86,-0.9,neutral,neutral,neutral
1521365,10.01,-1.34,neutral,neutral,neutral
428199,8.7,6.76,basic,neutral,neutral
1525570,13.47,5.85,neutral,neutral,neutral
1447306,9.29,8.02,basic,basic,neutral
474209,14.12,6.54,basic,neutral,neutral
114542,15.78,7.27,basic,neutral,neutral
512123,11.14,4.35,neutral,neutral,neutral
512199,11.58,4.91,neutral,neutral,neutral
1145100,10.42,3.0,neutral,neutral,neutral
474279,14.26,7.52,basic,basic,neutral
1427816,11.26,4.54,neutral,neutral,neutral
1427798,11.25,-1.79,neutral,neutral,neutral
1428613,9.62,1.86,neutral,neutral,neutral
513400,13.75,4.92,neutral,neutral,neutral
1264898,3.43,,acidic,acidic,acidic
1271733,3.92,2.66,acidic,acidic,acidic
1430511,19.68,7.41,basic,basic,neutral
1448085,9.72,8.1,basic,basic,neutral
1032346,11.64,1.08,neutral,neutral,neutral
436925,8.95,4.25,neutral,neutral,neutral
1010449,,8.16,basic,basic,neutral
1439752,4.79,-0.77,acidic,acidic,acidic
956495,,5.07,neutral,neutral,neutral
1525571,13.93,4.96,neutral,neutral,neutral
100461,19.61,5.5,neutral,neutral,neutral
474795,14.26,7.52,basic,basic,neutral
1438707,,4.86,neutral,neutral,neutral
1214046,19.7,4.06,neutral,neutral,neutral
338721,14.8,2.63,neutral,neutral,neutral
1447311,10.5,8.08,basic,basic,neutral
364745,12.52,7.03,basic,neutral,neutral
1170492,14.91,9.75,basic,basic,basic
1420816,13.69,2.28,neutral,neutral,neutral
1425366,4.12,9.58,zwiterionic,zwiterionic,zwiterionic
1333261,8.56,-0.4,neutral,neutral,neutral
1355648,15.12,6.13,basic,neutral,neutral
1053437,12.86,-1.13,neutral,neutral,neutral
1073110,13.9,4.28,neutral,neutral,neutral
1341768,15.08,-1.51,neutral,neutral,neutral
447450,11.58,8.54,basic,basic,basic
1281141,10.4,1.6,neutral,neutral,neutral
1355643,14.21,6.5,basic,neutral,neutral
1425330,1.68,10.58,zwiterionic,zwiterionic,zwiterionic
913495,18.69,-1.98,neutral,neutral,neutral
1421070,13.89,1.6,neutral,neutral,neutral
474278,14.25,7.51,basic,basic,neutral
1332158,11.83,3.25,neutral,neutral,neutral
1424972,15.29,1.19,neutral,neutral,neutral
1511972,19.68,1.73,neutral,neutral,neutral
1427466,11.21,-0.66,neutral,neutral,neutral
1429398,8.7,9.76,basic,basic,basic
1447308,11.08,8.01,basic,basic,neutral
562319,12.77,8.32,basic,basic,basic
489886,3.48,-3.71,acidic,acidic,acidic
1073111,13.83,4.27,neutral,neutral,neutral
1265526,,6.71,basic,neutral,neutral
1430529,3.23,8.84,zwiterionic,zwiterionic,zwiterionic
1283376,,1.57,neutral,neutral,neutral
145212,10.73,1.78,neutral,neutral,neutral
367387,7.77,3.51,acidic,neutral,neutral
26401,,7.09,basic,neutral,neutral
1115223,11.56,1.59,neutral,neutral,neutral
1448208,11.32,7.82,basic,basic,neutral
1439733,14.17,0.87,neutral,neutral,neutral
1170496,14.55,7.65,basic,basic,neutral
486945,10.05,9.06,basic,basic,basic
1366085,13.37,0.52,neutral,neutral,neutral
1440476,3.24,7.77,zwiterionic,zwiterionic,acidic
1147099,3.2,-4.92,acidic,acidic,acidic
1267038,4.62,0.92,acidic,acidic,acidic
1332986,10.38,9.14,basic,basic,basic
1280064,12.09,4.98,neutral,neutral,neutral
229058,11.53,8.77,basic,basic,basic
733493,16.18,7.24,basic,neutral,neutral
1438697,,5.27,neutral,neutral,neutral
1279836,12.78,8.74,basic,basic,basic
1440080,3.24,8.92,zwiterionic,zwiterionic,zwiterionic
1525569,13.29,5.49,neutral,neutral,neutral
38898,16.44,4.57,neutral,neutral,neutral
1428281,10.47,7.18,basic,neutral,neutral
1077539,3.3,5.95,acidic,acidic,acidic
255904,,6.42,basic,neutral,neutral
558097,6.48,-1.38,acidic,acidic,neutral
1280056,12.56,-4.26,neutral,neutral,neutral
1161725,7.35,9.32,zwiterionic,zwiterionic,basic
1525548,14.43,9.03,basic,basic,basic
1208685,14.47,5.6,neutral,neutral,neutral
1439178,4.8,0.63,acidic,acidic,acidic
1439734,13.43,-0.74,neutral,neutral,neutral
1527664,14.16,7.07,basic,neutral,neutral
1147106,3.24,-4.91,acidic,acidic,acidic
1440078,3.24,8.72,zwiterionic,zwiterionic,zwiterionic
302297,4.39,,acidic,acidic,acidic
1077531,3.3,5.32,acidic,acidic,acidic
400520,13.67,8.86,basic,basic,basic
1060619,10.01,4.71,neutral,neutral,neutral
1440472,3.24,7.77,zwiterionic,zwiterionic,acidic
1147111,3.13,-4.91,acidic,acidic,acidic
1439179,4.87,3.25,acidic,acidic,acidic
1425369,3.46,9.57,zwiterionic,zwiterionic,zwiterionic
1273517,14.29,8.88,basic,basic,basic
1332966,10.19,5.98,neutral,neutral,neutral
1273518,,8.88,basic,basic,basic
850666,12.28,-2.0,neutral,neutral,neutral
827755,8.85,2.2,neutral,neutral,neutral
561061,14.69,8.08,basic,basic,neutral
744042,14.55,-0.18,neutral,neutral,neutral
404706,12.46,-6.63,neutral,neutral,neutral
1438706,,5.27,neutral,neutral,neutral
65605,,8.73,basic,basic,basic
1525549,13.45,5.05,neutral,neutral,neutral
1263733,3.79,2.15,acidic,acidic,acidic
1077538,3.3,5.94,acidic,acidic,acidic
1174128,11.06,8.27,basic,basic,neutral
714557,15.05,9.46,basic,basic,basic
1521360,10.01,-3.66,neutral,neutral,neutral
1525572,13.52,4.6,neutral,neutral,neutral
1332982,10.35,3.24,neutral,neutral,neutral
343343,11.23,0.4,neutral,neutral,neutral
1525535,12.7,5.54,neutral,neutral,neutral
414135,,9.4,basic,basic,basic
613879,10.27,5.04,neutral,neutral,neutral
74324,,8.29,basic,basic,neutral
1439184,4.8,0.54,acidic,acidic,acidic
1355957,14.57,0.86,neutral,neutral,neutral
1279825,12.67,9.14,basic,basic,basic
1361667,13.81,-1.51,neutral,neutral,neutral
1147117,4.19,,acidic,acidic,acidic
1077545,3.34,5.91,acidic,acidic,acidic
1147107,3.14,-4.91,acidic,acidic,acidic
1147976,6.48,-1.38,acidic,acidic,neutral
1355954,12.88,3.68,neutral,neutral,neutral
1521367,10.01,-3.68,neutral,neutral,neutral
1355966,,0.48,neutral,neutral,neutral
475962,15.09,4.01,neutral,neutral,neutral
1355955,14.52,0.82,neutral,neutral,neutral
490087,3.77,-3.71,acidic,acidic,acidic
1265529,,6.71,basic,neutral,neutral
67010,10.06,0.42,neutral,neutral,neutral
213857,11.85,3.04,neutral,neutral,neutral
1525560,13.47,5.05,neutral,neutral,neutral
1029568,18.88,-5.91,neutral,neutral,neutral
1447252,2.33,-2.44,acidic,acidic,acidic
1447249,2.97,-3.63,acidic,acidic,acidic
631324,10.15,-1.73,neutral,neutral,neutral
416751,13.27,1.15,neutral,neutral,neutral
33675,,8.76,basic,basic,basic
909993,,-1.85,neutral,neutral,neutral
1267658,,6.71,basic,neutral,neutral
1420806,13.78,2.28,neutral,neutral,neutral
1352299,8.04,9.84,basic,basic,basic
881909,18.76,0.62,neutral,neutral,neutral
1335014,12.29,4.07,neutral,neutral,neutral
1147103,3.23,-4.91,acidic,acidic,acidic
1265647,15.92,6.71,basic,neutral,neutral
1512280,,4.51,neutral,neutral,neutral
1440073,3.23,8.0,zwiterionic,zwiterionic,acidic
2431,7.77,4.6,acidic,neutral,neutral
1279837,12.79,8.75,basic,basic,basic
437311,10.57,3.81,neutral,neutral,neutral
1119051,16.18,6.8,basic,neutral,neutral
236110,9.45,-5.22,neutral,neutral,neutral
1283013,14.64,7.65,basic,basic,neutral
1521366,10.01,-3.7,neutral,neutral,neutral
1271883,3.92,2.65,acidic,acidic,acidic
1352303,8.05,9.87,basic,basic,basic
1430504,4.3,8.82,zwiterionic,zwiterionic,zwiterionic
1430770,13.32,0.47,neutral,neutral,neutral
284726,3.42,0.41,acidic,acidic,acidic
162617,12.55,-1.45,neutral,neutral,neutral
1343628,4.28,2.16,acidic,acidic,acidic
1354964,4.54,3.11,acidic,acidic,acidic
1355638,15.23,6.42,basic,neutral,neutral
579383,10.11,3.06,neutral,neutral,neutral
1245346,12.26,-4.54,neutral,neutral,neutral
513045,14.17,-1.5,neutral,neutral,neutral
474794,14.24,8.46,basic,basic,basic
1073112,13.66,4.27,neutral,neutral,neutral
1439731,4.8,0.54,acidic,acidic,acidic
1271882,3.92,2.65,acidic,acidic,acidic
1447305,9.29,7.97,basic,basic,neutral
1430769,13.32,0.47,neutral,neutral,neutral
427978,13.79,9.46,basic,basic,basic
361377,14.17,8.61,basic,basic,basic
1174136,11.06,8.26,basic,basic,neutral
1355958,13.97,0.48,neutral,neutral,neutral
736417,13.14,-1.14,neutral,neutral,neutral
1538768,18.71,1.81,neutral,neutral,neutral
570962,11.81,2.9,neutral,neutral,neutral
1423597,,4.61,neutral,neutral,neutral
1105147,7.77,1.31,acidic,neutral,neutral
474453,14.26,8.57,basic,basic,basic
1424973,15.29,0.05,neutral,neutral,neutral
460570,11.78,0.89,neutral,neutral,neutral
394632,11.92,6.46,basic,neutral,neutral
1511984,,4.3,neutral,neutral,neutral
1519823,6.34,9.21,zwiterionic,zwiterionic,zwiterionic
684925,7.85,4.03,acidic,neutral,neutral
126117,8.82,-3.57,neutral,neutral,neutral
675704,4.13,4.86,acidic,acidic,acidic
1425367,4.17,9.58,zwiterionic,zwiterionic,zwiterionic
1271738,3.92,2.65,acidic,acidic,acidic
1220599,8.86,-3.69,neutral,neutral,neutral
1448178,14.55,10.32,basic,basic,basic
1525568,13.47,5.05,neutral,neutral,neutral
1427799,11.23,-1.5,neutral,neutral,neutral
1265646,16.2,6.71,basic,neutral,neutral
436999,9.01,1.15,neutral,neutral,neutral
395324,14.83,2.63,neutral,neutral,neutral
1440473,3.24,7.77,zwiterionic,zwiterionic,acidic
46726,4.33,,acidic,acidic,acidic
1146216,3.52,,acidic,acidic,acidic
1073117,13.93,7.35,basic,neutral,neutral
714282,15.04,9.46,basic,basic,basic
1332978,10.34,6.56,basic,neutral,neutral
1525552,13.46,5.05,neutral,neutral,neutral
1355967,14.91,0.48,neutral,neutral,neutral
1355953,13.91,0.66,neutral,neutral,neutral
1525575,13.53,5.04,neutral,neutral,neutral
1448084,13.14,8.05,basic,basic,neutral
1448187,11.27,5.89,neutral,neutral,neutral
418414,19.82,9.43,basic,basic,basic
401141,13.61,-3.39,neutral,neutral,neutral
1421842,14.0,6.97,basic,neutral,neutral
429350,13.59,5.79,neutral,neutral,neutral
1077540,3.3,5.94,acidic,acidic,acidic
565168,6.48,-1.09,acidic,acidic,neutral
365248,19.46,-4.12,neutral,neutral,neutral
1448088,13.34,8.11,basic,basic,neutral
181424,9.33,-3.69,neutral,neutral,neutral
927299,5.54,-2.77,acidic,acidic,acidic
1271881,3.92,2.65,acidic,acidic,acidic
1525557,13.46,5.05,neutral,neutral,neutral
1447313,11.59,8.11,basic,basic,neutral
474520,14.25,7.72,basic,basic,neutral
405455,3.51,-2.07,acidic,acidic,acidic
1383172,12.5,8.55,basic,basic,basic
1440074,3.23,8.31,zwiterionic,zwiterionic,zwiterionic
355065,4.31,2.57,acidic,acidic,acidic
364875,8.06,-1.53,neutral,neutral,neutral
450909,9.51,4.71,neutral,neutral,neutral
1355968,18.83,0.48,neutral,neutral,neutral
1355971,14.08,0.37,neutral,neutral,neutral
1525551,13.48,5.05,neutral,neutral,neutral
1355950,13.88,2.91,neutral,neutral,neutral
1440094,10.01,7.81,basic,basic,neutral
1530491,11.53,4.75,neutral,neutral,neutral
474388,14.1,7.86,basic,basic,neutral
1355652,15.38,5.11,neutral,neutral,neutral
381897,,1.54,neutral,neutral,neutral
1355646,15.31,3.89,neutral,neutral,neutral
1427468,8.03,-0.67,neutral,neutral,neutral
626409,13.71,-2.21,neutral,neutral,neutral
27611,,6.19,basic,neutral,neutral
1430531,4.25,8.84,zwiterionic,zwiterionic,zwiterionic
1263538,3.78,1.18,acidic,acidic,acidic
1442581,4.08,-1.9,acidic,acidic,acidic
355090,4.07,2.3,acidic,acidic,acidic
437009,10.08,-1.99,neutral,neutral,neutral
633518,,4.87,neutral,neutral,neutral
1430503,,8.85,basic,basic,basic
883472,3.41,-1.04,acidic,acidic,acidic
1525528,12.71,5.05,neutral,neutral,neutral
450488,14.43,4.37,neutral,neutral,neutral
474589,14.25,7.45,basic,basic,neutral
473752,14.24,7.5,basic,basic,neutral
1438088,14.29,5.25,neutral,neutral,neutral
1442637,4.63,2.37,acidic,acidic,acidic
514093,14.33,3.09,neutral,neutral,neutral
619010,14.02,-2.4,neutral,neutral,neutral
2046,4.25,-1.52,acidic,acidic,acidic
1271735,3.93,2.71,acidic,acidic,acidic
1440082,3.24,8.99,zwiterionic,zwiterionic,zwiterionic
1355959,13.6,2.89,neutral,neutral,neutral
474522,14.25,8.42,basic,basic,basic
1520815,5.29,7.03,zwiterionic,acidic,acidic
1519803,6.25,7.08,zwiterionic,acidic,acidic
300826,9.73,-0.47,neutral,neutral,neutral
518079,12.57,8.6,basic,basic,basic
437592,10.73,3.71,neutral,neutral,neutral
5975,9.35,4.16,neutral,neutral,neutral
1355973,14.1,0.37,neutral,neutral,neutral
1355948,,0.32,neutral,neutral,neutral
783661,15.55,-3.64,neutral,neutral,neutral
1518523,13.05,3.98,neutral,neutral,neutral
1281681,12.27,3.42,neutral,neutral,neutral
68396,3.57,-4.07,acidic,acidic,acidic
476032,14.8,4.16,neutral,neutral,neutral
1073115,14.03,7.35,basic,neutral,neutral
139281,4.69,2.7,acidic,acidic,acidic
1440072,3.23,8.0,zwiterionic,zwiterionic,acidic
119288,,10.58,basic,basic,basic
1520814,5.29,7.03,zwiterionic,acidic,acidic
1147112,3.23,-4.91,acidic,acidic,acidic
578235,13.75,5.44,neutral,neutral,neutral
1263741,5.66,2.17,acidic,acidic,acidic
252209,7.32,-7.17,acidic,acidic,neutral
1525164,13.47,5.05,neutral,neutral,neutral
310139,14.93,3.97,neutral,neutral,neutral
16505,15.59,7.81,basic,basic,neutral
339154,14.8,2.62,neutral,neutral,neutral
28653,9.16,-4.56,neutral,neutral,neutral
1332971,10.37,6.56,basic,neutral,neutral
1438700,,5.34,neutral,neutral,neutral
684018,14.04,7.92,basic,basic,neutral
1346497,7.51,-5.05,acidic,neutral,neutral
424727,4.19,,acidic,acidic,acidic
53616,,9.56,basic,basic,basic
474521,14.25,7.96,basic,basic,neutral
1271736,3.89,2.42,acidic,acidic,acidic
432165,11.5,3.49,neutral,neutral,neutral
1265532,11.91,6.71,basic,neutral,neutral
721,,2.92,neutral,neutral,neutral
1147092,3.44,-4.91,acidic,acidic,acidic
1263535,3.78,1.18,acidic,acidic,acidic
617734,9.59,-3.25,neutral,neutral,neutral
1521371,7.28,-3.7,acidic,acidic,neutral
1521375,7.28,-3.71,acidic,acidic,neutral
1521373,7.28,-3.71,acidic,acidic,neutral
358648,,8.51,basic,basic,basic
1525556,13.46,5.05,neutral,neutral,neutral
1034379,10.51,-1.31,neutral,neutral,neutral
592243,,3.05,neutral,neutral,neutral
1355952,13.95,0.48,neutral,neutral,neutral
486951,11.78,-2.41,neutral,neutral,neutral
723641,,5.99,neutral,neutral,neutral
416546,3.5,2.6,acidic,acidic,acidic
414145,,9.53,basic,basic,basic
855635,3.47,-2.18,acidic,acidic,acidic
474731,14.24,7.53,basic,basic,neutral
473689,14.24,7.5,basic,basic,neutral
1525531,12.71,5.55,neutral,neutral,neutral
1170487,15.08,9.18,basic,basic,basic
1170499,14.93,9.75,basic,basic,basic
6216,,9.2,basic,basic,basic
1263744,4.74,2.15,acidic,acidic,acidic
684922,18.58,4.09,neutral,neutral,neutral
1355969,14.1,0.37,neutral,neutral,neutral
1525567,13.47,5.05,neutral,neutral,neutral
598402,,4.77,neutral,neutral,neutral
372416,8.78,4.7,neutral,neutral,neutral
1336709,5.3,1.37,acidic,acidic,acidic
1060205,4.07,2.23,acidic,acidic,acidic
1359561,14.12,1.4,neutral,neutral,neutral
105181,11.22,0.57,neutral,neutral,neutral
1263726,4.48,1.3,acidic,acidic,acidic
93617,5.8,-0.43,acidic,acidic,acidic
1430512,2.98,8.85,zwiterionic,zwiterionic,zwiterionic
424702,4.08,,acidic,acidic,acidic
604637,11.45,6.96,basic,neutral,neutral
1281854,11.78,2.25,neutral,neutral,neutral
1525559,13.47,5.05,neutral,neutral,neutral
338744,14.8,2.63,neutral,neutral,neutral
840501,,3.6,neutral,neutral,neutral
713789,15.11,4.15,neutral,neutral,neutral
954011,14.7,-2.29,neutral,neutral,neutral
564001,12.8,8.32,basic,basic,basic
417729,13.89,5.88,neutral,neutral,neutral
1515192,14.08,0.63,neutral,neutral,neutral
1332992,10.35,3.77,neutral,neutral,neutral
1428627,15.29,1.23,neutral,neutral,neutral
16591,3.88,-7.46,acidic,acidic,acidic
1264897,3.38,,acidic,acidic,acidic
1263736,3.79,2.15,acidic,acidic,acidic
1430526,4.29,8.84,zwiterionic,zwiterionic,zwiterionic
426939,,4.29,neutral,neutral,neutral
1264907,3.73,0.52,acidic,acidic,acidic
1147087,3.44,-4.91,acidic,acidic,acidic
395337,14.16,2.61,neutral,neutral,neutral
474140,14.12,6.54,basic,neutral,neutral
1440076,3.23,8.52,zwiterionic,zwiterionic,zwiterionic
1440083,3.25,8.86,zwiterionic,zwiterionic,zwiterionic
1521374,7.28,-3.72,acidic,acidic,neutral
211307,8.87,-0.62,neutral,neutral,neutral
1355972,14.1,0.37,neutral,neutral,neutral
475740,14.33,4.37,neutral,neutral,neutral
36842,15.59,7.81,basic,basic,neutral
672285,13.25,4.82,neutral,neutral,neutral
1168077,12.27,4.05,neutral,neutral,neutral
100310,3.1,-4.93,acidic,acidic,acidic
450637,14.64,2.77,neutral,neutral,neutral
1357734,11.06,1.67,neutral,neutral,neutral
1073113,13.82,4.31,neutral,neutral,neutral
423782,13.28,8.67,basic,basic,basic
1032910,14.16,-4.41,neutral,neutral,neutral
1355639,10.42,5.03,neutral,neutral,neutral
1361762,13.81,-1.51,neutral,neutral,neutral
1352307,7.9,9.87,zwiterionic,basic,basic
451253,2.33,-4.61,acidic,acidic,acidic
418483,,9.78,basic,basic,basic
437013,10.29,-1.86,neutral,neutral,neutral
17169,13.61,8.47,basic,basic,basic
437055,6.03,2.48,acidic,acidic,acidic
1425368,2.92,9.55,zwiterionic,zwiterionic,zwiterionic
1338868,11.59,5.68,neutral,neutral,neutral
1263737,3.79,2.15,acidic,acidic,acidic
1440079,3.24,8.72,zwiterionic,zwiterionic,zwiterionic
555950,9.38,-2.98,neutral,neutral,neutral
1525542,12.71,8.51,basic,basic,basic
1440090,10.01,7.8,basic,basic,neutral
556570,14.56,3.41,neutral,neutral,neutral
150498,9.23,3.65,neutral,neutral,neutral
272921,10.39,2.23,neutral,neutral,neutral
1022701,13.93,-4.4,neutral,neutral,neutral
1355651,15.25,4.53,neutral,neutral,neutral
1427786,11.24,4.54,neutral,neutral,neutral
1283012,14.64,7.65,basic,basic,neutral
369152,19.67,5.56,neutral,neutral,neutral
423685,12.46,1.63,neutral,neutral,neutral
1423585,,5.27,neutral,neutral,neutral
1446921,11.51,8.11,basic,basic,neutral
18694,10.6,-0.41,neutral,neutral,neutral
714495,15.03,9.46,basic,basic,basic
1264899,3.59,,acidic,acidic,acidic
1077529,3.37,5.0,acidic,acidic,acidic
563472,3.98,2.61,acidic,acidic,acidic
1440081,3.24,8.92,zwiterionic,zwiterionic,zwiterionic
355170,4.23,6.11,zwiterionic,acidic,acidic
403465,4.05,5.58,acidic,acidic,acidic
1440086,3.25,8.95,zwiterionic,zwiterionic,zwiterionic
1370456,13.73,6.53,basic,neutral,neutral
1446868,12.29,-0.99,neutral,neutral,neutral
194793,11.54,-2.7,neutral,neutral,neutral
473930,14.26,7.51,basic,basic,neutral
450644,6.96,1.53,acidic,acidic,neutral
578782,14.4,3.7,neutral,neutral,neutral
426173,13.69,9.22,basic,basic,basic
1421841,13.78,5.87,neutral,neutral,neutral
1420802,13.69,2.29,neutral,neutral,neutral
626350,13.82,-2.19,neutral,neutral,neutral
1364330,,5.0,neutral,neutral,neutral
559931,13.19,-2.55,neutral,neutral,neutral
441332,4.11,-1.13,acidic,acidic,acidic
732246,18.71,1.67,neutral,neutral,neutral
704414,12.94,8.72,basic,basic,basic
1376145,12.6,-3.2,neutral,neutral,neutral
473104,,5.25,neutral,neutral,neutral
355064,4.48,1.69,acidic,acidic,acidic
248669,3.68,4.82,acidic,acidic,acidic
332503,19.04,4.01,neutral,neutral,neutral
453570,19.47,-6.64,neutral,neutral,neutral
511985,11.64,4.92,neutral,neutral,neutral
624199,12.33,6.45,basic,neutral,neutral
321917,,6.75,basic,neutral,neutral
1160469,13.53,2.5,neutral,neutral,neutral
139286,4.32,0.06,acidic,acidic,acidic
1282795,17.26,4.34,neutral,neutral,neutral
437554,10.73,3.79,neutral,neutral,neutral
1531176,14.8,2.63,neutral,neutral,neutral
19569,13.2,9.02,basic,basic,basic
611983,,2.64,neutral,neutral,neutral
1263734,3.79,2.15,acidic,acidic,acidic
1446422,10.47,0.95,neutral,neutral,neutral
1263738,3.79,2.15,acidic,acidic,acidic
1264910,3.87,,acidic,acidic,acidic
1525543,12.71,9.35,basic,basic,basic
693976,15.04,9.46,basic,basic,basic
1520713,,9.77,basic,basic,basic
473922,14.14,6.62,basic,neutral,neutral
1325,,7.99,basic,basic,neutral
474796,14.26,7.52,basic,basic,neutral
1267660,,6.71,basic,neutral,neutral
1519816,6.75,9.21,zwiterionic,zwiterionic,basic
1141111,,5.44,neutral,neutral,neutral
416760,13.27,1.11,neutral,neutral,neutral
116949,3.62,5.86,acidic,acidic,acidic
558185,4.07,-1.04,acidic,acidic,acidic
776453,,6.42,basic,neutral,neutral
1147101,3.23,-4.91,acidic,acidic,acidic
1265521,,6.71,basic,neutral,neutral
485857,11.78,-2.42,neutral,neutral,neutral
952240,,3.54,neutral,neutral,neutral
1047253,16.96,4.3,neutral,neutral,neutral
591258,10.69,-0.09,neutral,neutral,neutral
1263716,3.96,-0.8,acidic,acidic,acidic
365728,14.83,-2.39,neutral,neutral,neutral
451689,14.8,8.11,basic,basic,neutral
1440077,3.23,8.52,zwiterionic,zwiterionic,zwiterionic
1142765,3.91,0.02,acidic,acidic,acidic
205268,12.23,7.28,basic,neutral,neutral
1170491,14.91,4.11,neutral,neutral,neutral
1282911,6.45,5.02,acidic,acidic,neutral
490662,12.38,6.93,basic,neutral,neutral
1420815,13.69,2.28,neutral,neutral,neutral
60232,3.86,-8.16,acidic,acidic,acidic
1077535,3.3,5.54,acidic,acidic,acidic
394165,5.56,-6.9,acidic,acidic,acidic
1366086,7.64,1.95,acidic,neutral,neutral
1077523,3.37,5.18,acidic,acidic,acidic
1165509,6.98,9.42,zwiterionic,zwiterionic,basic
1263732,3.79,2.15,acidic,acidic,acidic
1068871,15.13,4.93,neutral,neutral,neutral
920789,,-4.16,neutral,neutral,neutral
716798,,9.15,basic,basic,basic
1336704,5.3,1.37,acidic,acidic,acidic
558931,4.45,3.84,acidic,acidic,acidic
1425358,2.95,8.14,zwiterionic,zwiterionic,acidic
1264915,3.3,-4.84,acidic,acidic,acidic
728216,15.02,2.89,neutral,neutral,neutral
1442070,16.44,2.1,neutral,neutral,neutral
1420975,1.21,-2.51,acidic,acidic,acidic
783870,9.84,2.97,neutral,neutral,neutral
1174142,11.06,8.29,basic,basic,neutral
1525553,13.49,5.05,neutral,neutral,neutral
1440826,7.93,4.71,acidic,neutral,neutral
836417,,5.41,neutral,neutral,neutral
385659,,9.77,basic,basic,basic
1425365,4.0,9.57,zwiterionic,zwiterionic,zwiterionic
474516,14.41,8.68,basic,basic,basic
1361753,15.05,-0.99,neutral,neutral,neutral
1263735,3.79,2.15,acidic,acidic,acidic
153330,6.82,2.44,acidic,acidic,neutral
1519195,6.55,2.09,acidic,acidic,neutral
355032,4.45,2.7,acidic,acidic,acidic
324779,3.86,2.54,acidic,acidic,acidic
558235,14.38,3.15,neutral,neutral,neutral
1511971,,1.74,neutral,neutral,neutral
1282901,6.44,4.75,acidic,acidic,acidic
101617,8.84,6.49,basic,neutral,neutral
273921,,-4.75,neutral,neutral,neutral
700180,7.85,9.58,zwiterionic,basic,basic
562255,12.72,8.18,basic,basic,neutral
1264913,3.39,,acidic,acidic,acidic
724741,14.51,-2.08,neutral,neutral,neutral
1060618,10.29,4.71,neutral,neutral,neutral
159210,14.57,4.13,neutral,neutral,neutral
1077532,3.3,5.32,acidic,acidic,acidic
321696,13.3,2.4,neutral,neutral,neutral
6914,8.89,7.95,basic,basic,neutral
1280149,12.56,-4.26,neutral,neutral,neutral
517284,13.99,7.23,basic,neutral,neutral
1420720,14.05,1.4,neutral,neutral,neutral
1420719,14.05,1.4,neutral,neutral,neutral
355031,3.92,4.84,acidic,acidic,acidic
1263727,3.79,2.15,acidic,acidic,acidic
79510,4.09,2.19,acidic,acidic,acidic
1512283,,4.69,neutral,neutral,neutral
1376116,12.7,4.89,neutral,neutral,neutral
140116,4.54,-2.84,acidic,acidic,acidic
385604,,4.81,neutral,neutral,neutral
1531182,14.8,2.63,neutral,neutral,neutral
92776,7.45,-6.1,acidic,neutral,neutral
1264914,3.29,,acidic,acidic,acidic
1079082,4.47,0.47,acidic,acidic,acidic
1263739,4.96,-0.79,acidic,acidic,acidic
1142597,8.18,-2.03,neutral,neutral,neutral
55135,7.17,-0.2,acidic,acidic,neutral
733446,,4.85,neutral,neutral,neutral
855576,15.71,1.78,neutral,neutral,neutral
1376098,4.69,2.01,acidic,acidic,acidic
424723,4.12,,acidic,acidic,acidic
1147076,3.35,-4.95,acidic,acidic,acidic
1282912,6.55,5.72,acidic,acidic,neutral
1075287,12.73,3.69,neutral,neutral,neutral
1518591,6.55,2.05,acidic,acidic,neutral
1525540,12.79,5.05,neutral,neutral,neutral
355241,4.42,5.09,acidic,acidic,acidic
568350,13.35,0.93,neutral,neutral,neutral
161596,,5.35,neutral,neutral,neutral
395349,14.34,2.61,neutral,neutral,neutral
450634,13.94,2.13,neutral,neutral,neutral
450636,14.01,2.13,neutral,neutral,neutral
450709,14.05,2.77,neutral,neutral,neutral
450789,13.59,2.77,neutral,neutral,neutral
1265534,11.58,6.71,basic,neutral,neutral
360340,14.86,8.28,basic,basic,neutral
560738,3.86,7.09,zwiterionic,acidic,acidic
714615,15.04,9.46,basic,basic,basic
1416020,15.96,4.9,neutral,neutral,neutral
355495,4.37,2.86,acidic,acidic,acidic
5970,,8.93,basic,basic,basic
1175867,3.76,-4.38,acidic,acidic,acidic
355494,4.54,3.52,acidic,acidic,acidic
1264908,4.05,,acidic,acidic,acidic
633520,,4.87,neutral,neutral,neutral
1282993,6.42,4.73,acidic,acidic,acidic
1084249,14.51,-2.14,neutral,neutral,neutral
1411876,14.09,6.84,basic,neutral,neutral
885092,,-4.55,neutral,neutral,neutral
450713,13.58,2.77,neutral,neutral,neutral
167995,11.43,6.78,basic,neutral,neutral
1519781,5.63,4.03,acidic,acidic,acidic
237999,,2.66,neutral,neutral,neutral
350507,12.19,-0.3,neutral,neutral,neutral
52511,3.98,,acidic,acidic,acidic
1336693,5.72,8.7,zwiterionic,zwiterionic,zwiterionic
517726,14.7,-3.36,neutral,neutral,neutral
963725,7.76,3.29,acidic,neutral,neutral
1264905,4.17,,acidic,acidic,acidic
430532,10.32,-4.61,neutral,neutral,neutral
1448081,14.45,8.09,basic,basic,neutral
1265515,,6.71,basic,neutral,neutral
29890,4.0,-2.08,acidic,acidic,acidic
355171,4.3,3.31,acidic,acidic,acidic
1099531,12.25,6.48,basic,neutral,neutral
414914,11.98,-4.35,neutral,neutral,neutral
11731,4.19,-4.83,acidic,acidic,acidic
841609,3.58,0.36,acidic,acidic,acidic
450414,14.43,4.37,neutral,neutral,neutral
437593,10.73,3.74,neutral,neutral,neutral
1439375,5.78,7.18,zwiterionic,acidic,acidic
1230658,15.18,5.6,neutral,neutral,neutral
1147110,3.36,-4.91,acidic,acidic,acidic
646332,6.51,8.68,zwiterionic,zwiterionic,basic
178427,,4.47,neutral,neutral,neutral
118617,3.93,-7.78,acidic,acidic,acidic
324430,,4.41,neutral,neutral,neutral
1231909,15.17,5.6,neutral,neutral,neutral
410017,7.14,-5.56,acidic,acidic,neutral
345379,15.95,-1.36,neutral,neutral,neutral
1366087,7.65,-0.17,acidic,neutral,neutral
20027,6.84,6.23,zwiterionic,acidic,neutral
1282893,6.44,4.72,acidic,acidic,acidic
14805,16.44,7.26,basic,neutral,neutral
1428610,13.12,4.09,neutral,neutral,neutral
219327,4.66,0.09,acidic,acidic,acidic
1519188,5.63,3.67,acidic,acidic,acidic
1511156,9.22,-0.49,neutral,neutral,neutral
961344,15.29,5.32,neutral,neutral,neutral
2994,4.42,-4.84,acidic,acidic,acidic
1517395,10.69,-0.18,neutral,neutral,neutral
187696,13.84,-3.1,neutral,neutral,neutral
1263715,5.6,1.2,acidic,acidic,acidic
139045,4.0,-0.52,acidic,acidic,acidic
1332988,10.35,3.24,neutral,neutral,neutral
418623,11.88,1.6,neutral,neutral,neutral
77652,2.69,-6.31,acidic,acidic,acidic
927832,7.86,3.29,acidic,neutral,neutral
1376126,13.29,6.61,basic,neutral,neutral
1420974,14.15,-2.45,neutral,neutral,neutral
315196,14.37,0.71,neutral,neutral,neutral
955865,3.92,-2.95,acidic,acidic,acidic
1525530,12.7,5.15,neutral,neutral,neutral
1354291,4.12,-4.86,acidic,acidic,acidic
1531168,10.73,3.74,neutral,neutral,neutral
811807,9.84,2.97,neutral,neutral,neutral
1160446,11.44,-0.55,neutral,neutral,neutral
878194,2.13,4.17,acidic,acidic,acidic
579125,3.32,-0.71,acidic,acidic,acidic
450635,13.94,2.13,neutral,neutral,neutral
450710,14.05,2.77,neutral,neutral,neutral
558484,14.98,4.32,neutral,neutral,neutral
1420805,14.03,1.32,neutral,neutral,neutral
1440842,,4.24,neutral,neutral,neutral
853,9.45,-1.25,neutral,neutral,neutral
1265503,16.71,6.71,basic,neutral,neutral
1530485,11.53,5.45,neutral,neutral,neutral
1420529,19.74,5.1,neutral,neutral,neutral
355203,4.49,3.33,acidic,acidic,acidic
791414,18.69,3.43,neutral,neutral,neutral
83217,9.73,8.28,basic,basic,neutral
912255,9.84,2.97,neutral,neutral,neutral
621811,10.93,3.42,neutral,neutral,neutral
2959,11.56,-4.85,neutral,neutral,neutral
1441086,19.75,-5.58,neutral,neutral,neutral
1517387,11.92,3.58,neutral,neutral,neutral
356576,14.37,7.96,basic,basic,neutral
1430527,4.3,8.84,zwiterionic,zwiterionic,zwiterionic
1531181,10.73,3.74,neutral,neutral,neutral
733672,7.9,-6.7,acidic,neutral,neutral
712273,12.87,4.89,neutral,neutral,neutral
416771,13.27,1.11,neutral,neutral,neutral
1280563,3.11,-0.83,acidic,acidic,acidic
416773,12.94,1.11,neutral,neutral,neutral
144761,4.09,3.07,acidic,acidic,acidic
706491,12.78,9.7,basic,basic,basic
1356165,,4.41,neutral,neutral,neutral
1263729,3.79,2.15,acidic,acidic,acidic
1282991,6.44,4.92,acidic,acidic,acidic
235562,11.02,6.25,basic,neutral,neutral
555190,12.4,6.71,basic,neutral,neutral
437627,10.73,3.74,neutral,neutral,neutral
1263718,3.59,0.7,acidic,acidic,acidic
1057746,3.33,4.93,acidic,acidic,acidic
1332490,5.22,-5.06,acidic,acidic,acidic
369183,8.31,-6.23,neutral,neutral,neutral
5582,4.32,-1.36,acidic,acidic,acidic
433360,18.56,-1.92,neutral,neutral,neutral
556755,,4.31,neutral,neutral,neutral
34785,7.52,-1.34,acidic,neutral,neutral
939062,15.06,2.84,neutral,neutral,neutral
1531163,14.8,2.58,neutral,neutral,neutral
1282897,6.44,4.72,acidic,acidic,acidic
1360283,10.49,3.58,neutral,neutral,neutral
1531159,10.73,3.7,neutral,neutral,neutral
408538,3.56,,acidic,acidic,acidic
33664,12.21,7.09,basic,neutral,neutral
932913,7.86,3.29,acidic,neutral,neutral
382857,10.83,1.89,neutral,neutral,neutral
603466,,7.3,basic,neutral,neutral
345215,15.95,-2.38,neutral,neutral,neutral
308422,9.08,9.79,basic,basic,basic
452098,12.47,8.64,basic,basic,basic
520109,11.27,9.22,basic,basic,basic
1439369,6.61,2.19,acidic,acidic,neutral
1424270,12.38,0.57,neutral,neutral,neutral
1163042,16.24,-4.87,neutral,neutral,neutral
666,6.61,-4.56,acidic,acidic,neutral
1430508,14.59,7.53,basic,basic,neutral
1332489,5.22,-5.13,acidic,acidic,acidic
1170382,15.08,2.19,neutral,neutral,neutral
1282899,6.45,4.72,acidic,acidic,neutral
1424284,,1.16,neutral,neutral,neutral
1282891,6.44,4.72,acidic,acidic,acidic
671608,13.77,4.93,neutral,neutral,neutral
365679,3.46,2.07,acidic,acidic,acidic
1531165,10.73,3.7,neutral,neutral,neutral
746274,10.74,-0.41,neutral,neutral,neutral
515833,,0.51,neutral,neutral,neutral
601461,6.61,-0.81,acidic,acidic,neutral
139225,4.95,-0.59,acidic,acidic,acidic
47447,4.4,3.12,acidic,acidic,acidic
1069006,7.9,-3.73,acidic,neutral,neutral
662916,8.89,6.64,basic,neutral,neutral
